{"survey_id":{"1":12,"2":12,"3":12,"4":12,"5":12,"6":12,"7":12,"8":12,"9":12},"question_id":{"1":"AVqVGZNvQMlgsOJE6eUY","2":"AVqVGZNvQMlgsOJE6eUY","3":"AVqVGZNvQMlgsOJE6eUY","4":"AVqVGZNvQMlgsOJE6eUY","5":"AVqVGZNvQMlgsOJE6eUY","6":"AVqVGZNvQMlgsOJE6eUY","7":"AVqVGZNvQMlgsOJE6eUY","8":"AVqVGZNvQMlgsOJE6eUY","9":"AVqVGZNvQMlgsOJE6eUY"},"relevance":{"1":0.0904361253,"2":0.012667535,"3":9.9999996226,"4":0.0006607552,"5":0.0134811047,"6":5.6219778966,"7":2.4518875081,"8":2.8229717925,"9":0.1085774636}}